date,total,males,females,in_facility,not_in_facility,other_jurisdictions,juveniles_in_facility,open_ward,emergency_trips,workers,furlough,note,cfcf,dc,dc_phsw,picc,rcf,hoc,cec,asd_cambria,asd_cannery,asd_wrp,asd_asdcu,asd_mod3,weekenders,liberty,roth,cfcf_males,cfcf_females,cfcf_juveniles,dc_males,dc_females,dc_juveniles,dc_phsw_males,dc_phsw_females,dc_phsw_juveniles,picc_males,picc_females,picc_juveniles,rcf_males,rcf_females,rcf_juveniles,hoc_males,hoc_females,hoc_juveniles,cec_males,cec_females,cec_juveniles,asd_cambria_males,asd_cambria_females,asd_cambria_juveniles,asd_cannery_males,asd_cannery_females,asd_cannery_juveniles,asd_wrp_males,asd_wrp_females,asd_wrp_juveniles,asd_asdcu_males,asd_asdcu_females,asd_asdcu_juveniles,asd_mod3_males,asd_mod3_females,asd_mod3_juveniles,weekenders_males,weekenders_females,weekenders_juveniles,liberty_males,liberty_females,liberty_juveniles,roth_males,roth_females,roth_juveniles,in_facility_males,in_facility_females,lehigh_county,delaware_county,state_doc,out_of_county
2013-12-21,8759,7439,782,8304,14,81,37,6,1,7,0,"males + females = 8221, published total 8759",2774,1291,49,1085,726,1542,317,240,84,105,207,78,137,0,,2772,0,0,1290,0,0,43,3,0,1049,0,36,0,724,1,1542,0,0,317,0,,240,0,0,0,84,0,94,7,0,207,0,0,75,0,0,112,25,0,0,0,0,,,,7460,844,43,0,0,0
2014-01-20,8716,7828,824,8221,12,84,37,8,0,4,0,"males + females = 8652, published total 8716",2860,1297,61,1056,705,1563,344,238,85,89,207,71,1,0,,2857,0,0,1296,0,0,54,4,0,1020,0,36,0,704,1,1563,0,0,344,0,,238,0,0,0,85,0,79,7,0,206,0,0,70,0,0,1,0,0,0,0,0,,,,7420,801,55,0,0,0
2014-02-27,8605,7783,825,8163,11,76,35,5,0,6,0,"males + females = 8608, published total 8605",2862,1327,53,1041,724,1533,315,239,57,91,189,56,2,0,,2861,0,0,1326,0,0,47,4,0,1008,0,33,0,721,2,1533,0,0,315,0,,239,0,0,0,57,0,81,7,0,189,0,0,53,0,0,2,0,0,0,0,0,,,,7372,791,40,0,0,0
2014-04-20,8415,7776,825,7984,9,74,54,6,1,2,0,"males + females = 8601, published total 8415",2760,1258,46,1019,737,1613,318,239,53,73,138,56,1,0,,2756,0,0,1258,0,0,38,7,0,972,0,47,0,729,7,1613,0,0,318,0,,238,0,0,0,53,0,66,5,0,138,0,0,56,0,0,1,0,0,0,0,0,,,,7183,801,30,0,0,0
2014-07-29,8298,7460,838,7848,9,75,46,8,0,1,0,,2797,1071,58,1074,729,1491,323,238,93,69,156,78,3,0,,2794,0,0,1071,0,0,51,6,0,1035,0,39,0,722,7,1487,0,0,323,0,,238,0,0,0,93,0,65,3,0,156,0,0,78,0,0,2,1,0,0,0,0,,,,7016,832,43,0,0,0
2014-11-11,8489,7686,803,8024,15,79,37,10,1,4,0,,2875,1233,64,1052,709,1579,299,240,76,52,106,48,5,0,,2872,0,0,1230,0,0,58,3,0,1017,0,35,0,705,2,1579,0,0,299,0,,240,0,0,0,76,0,48,0,0,106,0,0,48,0,0,4,1,0,23,5,28,,,,7237,787,44,0,0,0
2015-02-09,8085,7330,755,7630,16,79,47,10,2,4,0,,2785,1210,57,1063,699,1384,290,179,38,45,126,60,0,0,,2778,0,0,1209,0,0,49,6,0,1016,0,46,0,697,1,1384,0,0,290,0,,179,0,0,0,38,0,41,0,0,126,0,0,60,0,0,0,0,0,25,5,30,,,,6888,742,40,0,0,0
2015-02-26,7957,7210,747,7502,12,81,41,6,1,5,0,,2761,1160,56,1060,694,1386,302,142,36,43,118,56,2,0,,2756,0,0,1160,0,0,51,5,0,1020,0,40,0,691,1,1386,0,0,302,0,,142,0,0,0,35,0,39,0,0,118,0,0,56,0,0,2,0,0,24,4,28,,,,6770,732,32,0,0,0
2015-05-28,8006,7222,784,7518,7,87,30,5,2,0,0,,2714,1163,50,1058,753,1512,295,149,15,0,111,0,0,0,,2711,0,0,1163,0,0,46,3,0,1029,0,28,0,750,2,1511,0,0,295,0,,149,0,0,0,0,0,0,0,0,111,0,0,0,0,0,0,0,0,49,8,57,,,,6748,770,42,0,0,0
2015-07-15,8025,7227,798,7546,7,87,35,7,0,0,0,,2760,1184,51,1062,750,1470,284,134,0,0,104,36,2,0,45,2757,0,0,1183,0,0,48,2,0,1028,0,34,0,748,1,1469,0,0,284,0,,134,0,0,0,0,0,0,0,0,104,0,0,0,36,0,1,1,0,0,0,0,39,6,,6758,788,56,0,0,0
2015-07-30,8076,7289,787,7589,10,95,33,8,2,0,0,,2806,1169,54,1056,740,1479,290,152,0,0,111,31,1,,41,2802,0,0,1169,0,0,48,4,0,1024,0,32,0,736,1,1478,0,0,290,0,,152,0,0,0,0,0,0,0,0,111,0,0,0,31,0,0,1,0,,,,36,5,,6816,773,51,0,0,0
2015-08-06,8038,7260,778,7549,13,97,35,11,2,0,0,,2833,1163,49,1090,726,1414,284,146,0,0,103,37,1,,46,2827,0,0,1162,0,0,44,3,0,1053,0,35,0,724,0,1414,0,0,284,0,,146,0,0,0,0,0,0,0,0,103,0,0,0,37,0,0,1,0,,,,41,5,,6784,765,49,0,0,0
2015-08-19,8047,7251,796,7569,5,100,33,5,0,0,0,,2851,1191,54,1071,721,1391,282,152,0,0,84,55,4,,48,2848,0,0,1190,0,0,46,7,0,1038,0,33,0,721,0,1391,0,0,282,0,,152,0,0,0,0,0,0,0,0,84,0,0,0,55,0,3,1,0,,,,43,5,,6785,784,43,0,0,0
2015-09-15,8095,7326,769,7611,9,84,36,6,1,2,0,,2882,1145,61,1104,710,1405,294,155,0,0,113,43,2,,43,2877,0,0,1145,0,0,54,6,0,1068,0,36,0,709,0,1405,0,0,294,0,,155,0,0,0,0,0,0,0,0,111,0,0,0,43,0,2,0,0,,,,38,5,,6853,758,54,0,0,0
2015-09-28,8158,7378,780,7694,4,83,35,3,0,1,0,,2812,1227,55,1067,736,1501,283,161,0,0,104,32,3,,43,2810,0,0,1226,0,0,52,3,0,1032,0,35,0,736,0,1501,0,0,283,0,,161,0,0,0,0,0,0,0,0,103,0,0,0,32,0,3,0,0,,,,38,5,,6923,771,51,0,0,0
2015-09-29,8131,7356,775,7644,6,91,35,5,1,0,0,,2814,1222,50,1059,729,1480,297,160,0,0,103,31,2,,43,2811,0,0,1221,0,0,48,2,0,1024,0,35,0,728,0,1480,0,0,297,0,,160,0,0,0,0,0,0,0,0,102,0,0,0,31,0,2,0,0,,,,38,5,,6883,761,50,0,0,0
2015-10-05,8078,7331,747,7605,4,81,35,3,1,0,0,,2840,1189,52,1065,680,1473,295,156,0,0,95,52,7,,45,2839,0,0,1189,0,0,46,4,0,1030,0,35,0,679,0,1473,0,0,295,0,,156,0,0,0,0,0,0,0,0,95,0,0,0,52,0,5,2,0,,,,40,5,,6868,737,48,0,0,0
2015-11-23,7854,7135,719,7388,13,81,47,12,0,1,0,,2775,1052,44,1049,674,1447,280,221,0,0,103,34,2,,43,2768,0,0,1051,0,0,39,3,0,1004,0,45,0,671,2,1446,0,0,280,0,,221,0,0,0,0,0,0,0,0,102,0,0,0,34,0,2,0,0,,,,38,5,,6678,710,47,0,0,0
2015-11-29,7855,7141,714,7403,8,77,50,7,1,0,0,,2737,1070,47,1043,669,1488,279,222,0,0,102,30,3,,40,2734,0,0,1070,0,0,42,3,0,994,0,48,0,666,2,1487,0,0,279,0,,222,0,0,0,0,0,0,0,0,102,0,0,0,30,0,1,2,0,,,,35,5,,6700,703,46,0,0,0
2015-12-06,7858,7140,718,7400,8,75,48,8,0,0,0,,2835,1024,53,1039,670,1429,289,213,0,0,103,25,17,,39,2830,0,0,1022,0,0,44,8,0,993,0,46,0,668,2,1429,0,0,289,0,,213,0,0,0,0,0,0,0,0,103,0,0,0,25,0,13,4,0,,,,34,5,,6693,707,45,0,0,0
2015-12-10,7734,7020,714,7287,7,73,47,4,2,1,0,,2763,1012,35,1025,679,1440,286,215,0,0,99,25,1,,37,2762,0,0,1010,0,0,35,0,0,979,0,45,0,677,2,1438,0,0,286,0,,215,0,0,0,0,0,0,0,0,98,0,0,0,25,0,0,1,0,,,,32,5,,6582,705,42,0,0,0
2016-01-10,7595,6917,678,7160,8,69,41,6,1,1,0,,2741,986,41,997,642,1431,290,217,0,0,81,20,12,,32,2738,0,0,986,0,0,33,5,1,958,0,39,0,640,1,1430,0,0,290,0,,217,0,0,0,0,0,0,0,0,80,0,0,0,20,0,7,5,0,,,,29,3,,6489,671,34,0,0,0
2016-01-12,7550,6889,661,7121,7,74,43,6,0,0,1,,2737,972,39,1000,634,1430,280,215,0,0,83,18,0,,32,2734,0,0,971,0,0,35,2,0,958,0,42,0,632,1,1430,0,0,280,0,,215,0,0,0,0,0,0,0,0,83,0,0,0,18,0,0,0,0,,,,29,3,,6468,653,34,0,0,0
2016-02-02,7452,6812,640,7039,8,72,42,6,1,1,0,,2727,1007,45,1023,632,1347,268,177,0,0,89,0,0,,27,2725,0,0,1006,0,0,43,2,0,980,0,42,0,629,0,1347,0,0,268,0,,177,0,0,0,0,0,0,0,0,88,0,0,0,0,0,0,0,0,,,,24,3,,6408,631,36,0,0,0
2016-02-24,7462,6792,670,7053,6,72,48,4,1,1,0,,2688,825,54,1052,660,1418,267,236,0,0,125,0,1,,29,2687,0,0,825,0,0,50,3,0,1003,0,47,0,658,1,1418,0,0,267,0,,236,0,0,0,0,0,0,0,0,124,0,0,0,0,0,0,1,0,,,,26,3,,6390,663,33,0,0,0
2016-03-01,7473,6815,658,7066,10,70,46,7,2,1,0,,2672,875,47,1049,641,1416,265,228,0,0,147,0,1,,28,2670,0,0,873,0,0,44,2,0,1002,0,46,0,640,0,1414,0,0,265,0,,228,0,0,0,0,0,0,0,0,138,8,0,0,0,0,1,0,0,,,,26,2,,6416,650,32,0,0,0
2016-03-02,7487,6827,660,7077,10,73,47,6,2,2,0,,2698,872,47,1040,643,1385,265,239,0,0,162,0,1,,28,2694,0,0,871,0,0,45,2,0,992,0,47,0,641,0,1385,0,0,265,0,,239,0,0,0,0,0,0,0,0,152,8,0,0,0,0,0,1,0,,,,26,2,,6425,652,32,0,0,0
2016-03-07,7521,6857,664,7096,4,77,48,3,0,1,0,,2697,916,49,1034,643,1370,269,235,0,0,154,0,2,,31,2696,0,0,916,0,0,42,7,0,985,0,48,0,642,0,1370,0,0,269,0,,235,0,0,0,0,0,0,0,0,145,8,0,0,0,0,2,0,0,,,,29,2,,6439,657,42,0,0,0
2016-03-08,7470,6814,656,7037,4,78,49,3,0,1,0,,2667,912,43,1033,636,1365,276,237,0,0,148,0,0,,31,2665,0,0,912,0,0,37,5,0,984,0,49,0,636,0,1365,0,0,276,0,,237,0,0,0,0,0,0,0,0,139,8,0,0,0,0,0,0,0,,,,29,2,,6388,649,42,0,0,0
2016-03-15,7432,6775,657,6999,10,71,49,5,3,2,0,,2658,901,47,1037,640,1348,272,228,0,0,150,0,0,,34,2652,0,0,901,0,0,42,4,0,988,0,49,0,640,0,1347,0,0,272,0,,228,0,0,0,0,0,0,0,0,140,8,0,0,0,0,0,0,0,,,,32,2,,6347,652,44,0,0,0
2016-03-16,7414,6756,658,6973,7,76,49,5,1,1,0,,2676,892,43,1034,641,1321,278,226,0,0,146,0,1,,34,2672,0,0,892,0,0,38,4,0,985,0,49,0,640,0,1321,0,0,278,0,,226,0,0,0,0,0,0,0,0,138,7,0,0,0,0,0,1,0,,,,32,2,,6321,652,44,0,0,0
2016-03-17,7391,6738,653,6952,8,78,49,4,4,0,0,,2671,900,42,1029,636,1311,273,223,0,0,147,0,1,,34,2666,0,0,900,0,0,37,4,0,980,0,49,0,634,0,1311,0,0,273,0,,223,0,0,0,0,0,0,0,0,140,7,0,0,0,0,0,1,0,,,,32,2,,6306,646,44,0,0,0
2016-03-23,7389,6745,644,6955,11,63,50,10,0,1,0,,2699,896,53,1043,624,1289,289,213,0,0,148,0,1,,26,2695,0,0,894,0,0,46,5,0,993,0,50,0,622,0,1289,0,0,289,0,,213,0,0,0,0,0,0,0,0,139,8,0,0,0,0,0,1,0,,,,25,1,,6319,636,43,0,0,0
2016-03-31,7504,6858,646,7075,5,69,49,5,0,0,0,,2745,962,44,1056,631,1267,285,227,0,0,147,0,1,,24,2743,0,0,962,0,0,41,2,0,1007,0,49,0,629,0,1267,0,0,285,0,,227,0,0,0,0,0,0,0,0,139,8,0,0,0,0,0,1,0,,,,23,1,,6435,640,44,0,0,0
2016-04-05,7484,6854,630,7048,9,73,49,6,0,3,0,,2752,958,50,1040,614,1273,287,229,0,0,141,0,0,,24,2748,0,0,957,0,0,45,3,1,992,0,48,0,614,0,1273,0,0,287,0,,229,0,0,0,0,0,0,0,0,130,8,0,0,0,0,0,0,0,,,,23,1,,6423,625,41,0,0,0
2016-04-12,7452,6845,607,7011,5,74,50,3,0,2,0,,2742,977,48,1018,592,1256,299,233,0,0,150,0,0,,22,2740,0,0,976,0,0,46,1,1,969,0,49,0,592,0,1256,0,0,299,0,,233,0,0,0,0,0,0,0,0,139,9,0,0,0,0,0,0,0,,,,21,1,,6409,602,39,0,0,0
2016-04-17,7512,6897,615,7083,3,65,47,1,1,1,0,,2770,1031,53,1015,594,1243,299,224,0,0,136,0,20,,22,2769,0,0,1031,0,0,49,3,1,969,0,46,0,594,0,1243,0,0,299,0,,224,0,0,0,0,0,0,0,0,125,9,0,0,0,0,15,5,0,,,,21,1,,6472,611,38,0,0,0
2016-04-18,7473,6859,614,7048,5,65,47,1,2,2,0,,2737,1019,47,1023,598,1252,293,238,0,0,136,0,3,,22,2734,0,0,1019,0,0,44,2,1,977,0,46,0,598,0,1252,0,0,293,0,,238,0,0,0,0,0,0,0,0,125,9,0,0,0,0,2,1,0,,,,21,1,,6438,610,38,0,0,0
2016-04-26,7485,6863,622,7043,7,76,45,4,1,2,0,,2691,1071,48,1046,605,1222,295,230,0,0,137,0,0,,21,2689,0,0,1071,0,0,46,2,0,1001,0,45,0,603,0,1222,0,0,295,0,,230,0,0,0,0,0,0,0,0,126,8,0,0,0,0,0,0,0,,,,20,1,,6430,613,42,0,0,0
2016-04-27,7472,6848,624,7034,8,77,45,6,1,1,0,,2680,1074,46,1047,607,1221,288,229,0,0,137,0,1,,21,2679,0,0,1073,0,0,45,1,0,1001,0,45,0,604,0,1221,0,0,288,0,,229,0,0,0,0,0,0,0,0,127,8,0,0,0,0,0,1,0,,,,20,1,,6420,614,43,0,0,0
2016-05-03,7517,6876,641,7080,5,78,43,3,0,2,0,,2735,1050,41,1024,624,1220,291,231,0,0,160,0,0,,20,2733,0,0,1050,0,0,38,3,0,981,0,43,0,624,0,1220,0,0,291,0,,231,0,0,0,0,0,0,0,0,150,7,0,0,0,0,0,0,0,,,,19,1,,6446,634,43,0,0,0
2016-05-10,7492,6850,642,7051,10,69,45,5,3,2,0,,2761,1029,51,1007,626,1181,297,230,0,0,176,0,0,,24,2759,0,0,1027,0,0,46,4,0,963,0,44,0,622,1,1181,0,0,297,0,,230,0,0,0,0,0,0,0,0,167,7,0,0,0,0,0,0,0,,,,23,1,,6417,634,41,0,0,0
2016-05-24,7475,6840,635,7040,8,54,36,6,2,0,0,,2756,1066,47,1021,617,1156,300,225,0,0,160,0,0,,33,2753,0,0,1063,0,0,40,6,0,986,0,35,0,615,1,1156,0,0,300,0,,225,0,0,0,0,0,0,0,0,155,5,0,0,0,0,0,0,0,,,,30,3,,6413,627,40,0,0,0
2016-05-30,7574,6900,674,7141,11,56,38,9,2,0,0,,2750,1138,54,1031,655,1148,296,226,0,0,147,0,3,,32,2747,0,0,1136,0,0,47,6,0,993,0,37,0,651,1,1148,0,0,296,0,,225,0,0,0,0,0,0,0,0,143,4,0,0,0,0,3,0,0,,,,29,3,,6479,662,38,0,0,0
2016-06-02,7479,6824,655,7067,8,57,38,6,2,0,0,,2720,1114,46,1052,636,1150,280,216,0,0,141,0,0,,30,2718,0,0,1112,0,0,39,6,0,1014,0,37,0,634,1,1149,0,0,280,0,,216,0,0,0,0,0,0,0,0,137,4,0,0,0,0,0,0,0,,,,27,3,,6422,645,37,0,0,0
2016-06-07,7537,6876,661,7106,6,61,36,4,2,0,0,,2746,1138,43,1041,640,1152,299,211,0,0,141,0,0,,29,2745,0,0,1137,0,0,37,5,0,1005,0,35,0,637,1,1152,0,0,299,0,,211,0,0,0,0,0,0,0,0,136,5,0,0,0,0,0,0,0,,,,26,3,,6458,648,37,0,0,0
2016-06-08,7505,6852,653,7080,6,55,37,6,0,0,0,,2748,1141,40,1037,635,1138,297,208,0,0,139,0,0,,30,2746,0,0,1140,0,0,37,3,0,999,0,36,0,633,1,1138,0,0,297,0,,208,0,0,0,0,0,0,0,0,134,5,0,0,0,0,0,0,0,,,,27,3,,6438,642,37,0,0,0
2016-06-13,7535,6872,663,7117,4,57,38,3,0,1,0,,2721,1158,44,1044,643,1151,292,214,0,0,143,0,3,,30,2720,0,0,1157,0,0,39,4,0,1007,0,37,0,642,1,1151,0,0,292,0,,214,0,0,0,0,0,0,0,0,137,5,0,0,0,0,2,1,0,,,,27,3,,6464,653,35,0,0,0
2016-06-14,7511,6848,663,7082,6,60,38,3,3,0,0,,2721,1143,42,1049,645,1132,298,213,0,0,143,0,0,,30,2719,0,0,1142,0,0,38,3,0,1012,0,37,0,643,1,1132,0,0,298,0,,212,0,0,0,0,0,0,0,0,138,5,0,0,0,0,0,0,0,,,,27,3,,6430,652,35,0,0,0
2016-06-15,7478,6818,660,7058,5,55,37,2,3,0,0,,2724,1131,38,1039,643,1128,296,211,0,0,149,0,0,,29,2724,0,0,1130,0,0,34,3,0,1003,0,36,0,639,1,1128,0,0,296,0,,211,0,0,0,0,0,0,0,0,144,5,0,0,0,0,0,0,0,,,,26,3,,6410,648,35,0,0,0
2016-06-16,7481,6818,663,7072,3,50,37,1,2,0,0,,2748,1124,39,1042,644,1101,292,233,0,0,144,0,0,,29,2748,0,0,1122,0,0,34,5,0,1006,0,36,0,642,1,1101,0,0,292,0,,233,0,0,0,0,0,0,0,0,139,5,0,0,0,0,0,0,0,,,,26,3,,6419,653,35,0,0,0
2016-06-21,7508,6849,659,7079,6,59,38,4,2,0,0,,2728,1138,41,1045,643,1124,301,229,0,0,137,0,0,,29,2725,0,0,1137,0,0,38,2,0,1008,0,37,0,641,1,1124,0,0,301,0,,229,0,0,0,0,0,0,0,0,132,5,0,0,0,0,0,0,0,,,,26,3,,6430,649,34,0,0,0
2016-06-22,7481,6829,652,7064,5,52,38,4,1,0,0,,2736,1123,40,1046,638,1111,298,230,0,0,145,0,0,,29,2734,0,0,1121,0,0,37,2,0,1009,0,37,0,637,1,1111,0,0,298,0,,230,0,0,0,0,0,0,0,0,141,4,0,0,0,0,0,0,0,,,,26,3,,6420,644,33,0,0,0
2016-06-23,7477,6829,648,7064,4,52,38,2,2,0,0,,2751,1115,40,1051,635,1104,295,229,0,0,143,0,0,,29,2750,0,0,1114,0,0,37,2,0,1014,0,37,0,633,1,1104,0,0,295,0,,229,0,0,0,0,0,0,0,0,139,4,0,0,0,0,0,0,0,,,,26,3,,6424,640,33,0,0,0
2016-06-26,7581,6922,659,7173,4,52,39,3,1,0,0,,2775,1146,46,1049,645,1123,290,230,0,0,151,0,12,,29,2775,0,0,1144,0,0,43,2,0,1011,0,38,0,643,1,1123,0,0,290,0,,230,0,0,0,0,0,0,0,0,147,4,0,0,0,0,11,1,0,,,,26,3,,6522,651,33,0,0,0
2016-06-30,7548,6876,672,7137,3,58,41,3,0,0,0,,2808,1086,43,1073,659,1106,294,225,0,0,139,0,1,,27,2808,0,0,1085,0,0,41,2,0,1032,0,41,0,657,0,1106,0,0,294,0,,225,0,0,0,0,0,0,0,0,135,4,0,0,0,0,1,0,0,,,,24,3,,6474,663,29,0,0,0
2016-07-07,7536,6888,648,7107,15,52,43,12,2,1,0,,2795,1123,44,1078,633,1107,296,210,0,0,131,0,1,,36,2791,0,0,1120,0,0,39,2,1,1036,0,42,0,629,0,1106,0,0,296,0,,210,0,0,0,0,0,0,0,0,126,4,0,0,0,0,1,0,0,,,,33,3,,6472,635,29,0,0,0
2016-07-10,7592,6929,663,7166,14,53,43,13,1,0,0,,2802,1146,46,1085,642,1110,293,205,0,0,131,0,13,,35,2796,0,0,1143,0,0,38,6,1,1041,0,42,0,641,0,1109,0,0,293,0,,205,0,0,0,0,0,0,0,0,127,4,0,0,0,0,11,2,0,,,,32,3,,6513,653,29,0,0,0
2016-07-11,7582,6921,661,7154,12,56,43,12,0,0,0,,2805,1134,38,1092,641,1108,293,214,0,0,131,0,3,,35,2800,0,0,1131,0,0,31,6,0,1047,0,43,0,640,0,1108,0,0,293,0,,214,0,0,0,0,0,0,0,0,127,4,0,0,0,0,2,1,0,,,,32,3,,6503,651,30,0,0,0
2016-07-18,7577,6916,661,7151,10,57,44,9,0,1,0,,2787,1155,43,1085,646,1081,295,233,0,0,129,0,2,,34,2782,0,0,1153,0,0,41,2,0,1041,0,44,0,644,0,1081,0,0,295,0,,233,0,0,0,0,0,0,0,0,124,4,0,0,0,0,2,0,0,,,,31,3,,6501,650,28,0,0,0
2016-07-24,7514,6844,670,7098,13,52,45,8,3,2,0,,2780,1095,52,1064,655,1091,287,226,0,0,140,0,8,,31,2775,0,0,1094,0,0,47,3,0,1019,0,45,0,653,0,1090,0,0,287,0,,226,0,0,0,0,0,0,0,0,133,5,0,0,0,0,7,1,0,,,,29,2,,6436,662,31,0,0,0
2016-07-25,7484,6820,664,7058,13,52,44,10,2,1,0,,2746,1112,44,1070,652,1073,298,231,0,0,141,0,2,,30,2741,0,0,1111,0,0,40,2,0,1025,0,44,0,649,0,1073,0,0,298,0,,231,0,0,0,0,0,0,0,0,135,5,0,0,0,0,2,0,0,,,,29,1,,6402,656,31,0,0,0
2016-07-26,7440,6777,663,7017,15,50,45,7,7,1,0,,2734,1103,42,1063,650,1070,295,230,0,0,140,0,0,,30,2731,0,0,1100,0,0,40,2,0,1017,0,44,0,646,1,1068,0,0,295,0,,229,0,0,0,0,0,0,0,0,133,6,0,0,0,0,0,0,0,,,,29,1,,6362,655,31,0,0,0
2016-07-27,7406,6748,658,6991,10,50,45,7,2,1,0,,2720,1091,49,1074,644,1054,293,228,0,0,140,0,1,,29,2715,0,0,1090,0,0,46,3,0,1030,0,44,0,641,1,1054,0,0,293,0,,227,0,0,0,0,0,0,0,0,133,6,0,0,0,0,1,0,0,,,,28,1,,6340,651,31,0,0,0
2016-07-28,7390,6738,652,6968,13,51,46,10,2,1,0,,2705,1088,41,1076,639,1051,299,234,0,0,146,0,1,,27,2699,0,0,1088,0,0,39,2,0,1029,0,45,0,635,1,1051,0,0,299,0,,233,0,0,0,0,0,0,0,0,139,6,0,0,0,0,1,0,0,,,,26,1,,6324,644,30,0,0,0
2016-08-01,7399,6743,656,6998,10,59,46,9,0,1,0,,2691,1092,48,1075,639,1078,277,237,0,0,145,0,3,,24,2687,0,0,1091,0,0,42,4,0,1030,0,45,0,636,1,1078,0,0,277,0,,237,0,0,0,0,0,0,0,0,138,6,0,0,0,0,2,1,0,,,,23,1,,6350,648,28,0,0,0
2016-08-07,7460,6800,660,7044,7,55,52,5,0,2,0,,2769,1069,57,1060,639,1076,298,234,0,0,144,0,3,,24,2767,0,0,1069,0,0,47,8,0,1009,0,51,0,637,1,1076,0,0,298,0,,234,0,0,0,0,0,0,0,0,137,5,0,0,0,0,2,1,0,,,,23,1,,6392,652,29,0,0,0
2016-08-09,7417,6774,643,7001,10,57,53,6,2,2,0,,2755,1063,50,1073,623,1066,294,232,0,0,148,0,1,,24,2749,0,0,1063,0,0,39,9,0,1021,0,52,0,622,1,1066,0,0,294,0,,232,0,0,0,0,0,0,0,0,141,5,0,0,0,0,1,0,0,,,,23,1,,6364,637,28,0,0,0
2016-08-10,7420,6767,653,7006,11,63,53,9,2,0,0,,2776,1066,47,1068,635,1047,287,231,0,0,145,0,2,,22,2769,0,0,1066,0,0,37,6,0,1016,0,52,0,634,1,1047,0,0,287,0,,231,0,0,0,0,0,0,0,0,140,5,0,0,0,0,2,0,0,,,,21,1,,6360,646,28,0,0,0
2016-08-15,7463,6800,663,7042,10,61,55,8,2,0,0,,2798,1062,53,1073,647,1047,295,231,0,0,141,0,0,,24,2793,0,0,1062,0,0,45,6,0,1018,0,54,0,645,1,1046,0,0,295,0,,231,0,0,0,0,0,0,0,0,136,5,0,0,0,0,0,0,0,,,,23,1,,6385,657,28,0,0,0
2016-08-21,7457,6785,672,7032,11,64,52,6,2,3,0,,2755,1077,58,1058,647,1042,296,238,0,0,151,0,17,,24,2752,0,0,1077,0,0,49,7,0,1007,0,51,0,646,1,1040,0,0,296,0,,238,0,0,0,0,0,0,0,0,142,5,0,0,0,0,11,6,0,,,,23,1,,6367,665,28,0,0,0
2016-08-24,7398,6728,670,6985,10,53,51,9,0,1,0,,2779,1065,43,1053,656,1019,300,236,0,0,142,0,2,,23,2773,0,0,1065,0,0,36,4,0,1003,0,50,0,655,1,1019,0,0,300,0,,236,0,0,0,0,0,0,0,0,136,5,0,0,0,0,2,0,0,,,,22,1,,6320,665,26,0,0,0
2016-08-25,7390,6711,679,6973,10,58,51,8,1,1,0,,2795,1030,38,1048,666,1017,298,239,0,0,149,0,1,,23,2790,0,0,1030,0,0,33,3,0,998,0,49,0,663,2,1017,0,0,298,0,,239,0,0,0,0,0,0,0,0,143,5,0,0,0,0,1,0,0,,,,22,1,,6300,673,27,0,0,0
2016-08-29,7434,6750,684,7039,11,50,51,8,1,2,0,,2792,1078,43,1047,671,1042,279,237,0,0,138,0,2,,27,2787,0,0,1077,0,0,36,5,0,997,0,49,0,669,2,1042,0,0,279,0,,237,0,0,0,0,0,0,0,0,136,0,0,0,0,0,1,1,0,,,,25,2,,6362,677,27,0,0,0
2016-08-30,7380,6709,671,6973,10,55,49,6,2,2,0,,2768,1059,42,1054,658,1030,284,235,0,0,136,0,1,,29,2764,0,0,1059,0,0,36,4,0,1006,0,47,0,655,2,1030,0,0,284,0,,235,0,0,0,0,0,0,0,0,134,0,0,0,0,0,1,0,0,,,,25,4,,6312,661,28,0,0,0
2016-08-31,7364,6681,683,6947,12,54,50,7,2,3,0,,2741,1036,37,1065,672,1029,294,240,0,0,137,0,2,,29,2736,0,0,1036,0,0,33,2,0,1016,0,48,0,669,2,1029,0,0,294,0,,240,0,0,0,0,0,0,0,0,134,0,0,0,0,0,2,0,0,,,,25,4,,6274,673,27,0,0,0
2016-09-05,7424,6754,670,7004,10,58,53,8,1,1,0,,2758,1063,50,1072,658,1032,281,233,0,0,148,0,0,,33,2754,0,0,1063,0,0,45,3,0,1021,0,50,0,654,3,1031,0,0,281,0,,233,0,0,0,0,0,0,0,0,147,0,0,0,0,0,0,0,0,,,,29,4,,6344,660,36,0,0,0
2016-09-07,7394,6733,661,6989,7,57,53,7,0,0,0,,2750,1068,40,1066,651,1040,272,231,0,0,148,0,2,,32,2747,0,0,1068,0,0,36,2,0,1014,0,50,0,648,3,1040,0,0,272,0,,231,0,0,0,0,0,0,0,0,148,0,0,0,0,0,2,0,0,,,,28,4,,6336,653,35,0,0,0
2016-09-11,7456,6776,680,7036,5,51,52,4,0,1,0,,2763,1082,44,1060,665,1025,295,240,0,0,148,0,14,,32,2762,0,0,1081,0,0,40,3,0,1010,0,49,0,662,3,1025,0,0,295,0,,240,0,0,0,0,0,0,0,0,147,0,0,0,0,0,12,2,0,,,,28,4,,6366,670,35,0,0,0
2016-09-12,7433,6751,682,7015,7,55,52,5,1,1,0,,2753,1086,44,1060,669,1027,290,237,0,0,146,0,0,,31,2752,0,0,1086,0,0,40,3,0,1010,0,49,0,663,3,1027,0,0,290,0,,237,0,0,0,0,0,0,0,0,145,0,0,0,0,0,0,0,0,,,,27,4,,6346,669,33,0,0,0
2016-09-13,7397,6729,668,6962,10,60,52,7,1,2,0,,2747,1062,35,1063,656,1029,299,231,0,0,148,0,1,,31,2743,0,0,1062,0,0,32,2,0,1013,0,49,0,651,3,1029,0,0,299,0,,231,0,0,0,0,0,0,0,0,146,0,0,0,0,0,1,0,0,,,,27,4,,6306,656,33,0,0,0
2016-09-18,7417,6744,673,6990,11,60,50,9,1,1,0,,2729,1082,43,1066,656,1040,296,225,0,0,148,0,12,,27,2727,0,0,1081,0,0,38,3,0,1017,0,47,0,650,3,1040,0,0,296,0,,225,0,0,0,0,0,0,0,0,147,0,0,0,0,0,9,3,0,,,,23,4,,6331,659,31,0,0,0
2016-09-22,7370,6705,665,6943,9,63,48,8,0,1,0,,2721,1084,41,1044,650,1027,295,229,0,0,155,0,1,,26,2719,0,0,1083,0,0,38,2,0,997,0,45,0,645,3,1027,0,0,295,0,,229,0,0,0,0,0,0,0,0,151,3,0,0,0,0,1,0,0,,,,22,4,,6290,653,33,0,0,0
2016-09-25,7451,6781,670,7042,8,57,47,7,1,0,0,,2724,1119,50,1047,656,1064,285,234,0,0,147,0,9,,25,2720,0,0,1119,0,0,47,2,0,1002,0,44,0,652,3,1063,0,0,285,0,,234,0,0,0,0,0,0,0,0,144,3,0,0,0,0,8,1,0,,,,21,4,,6381,661,33,0,0,0
2016-09-27,7382,6724,658,6970,6,63,47,5,0,1,0,,2682,1090,39,1041,644,1091,288,232,0,0,156,0,1,,23,2679,0,0,1090,0,0,36,3,0,996,0,44,0,640,3,1091,0,0,288,0,,232,0,0,0,0,0,0,0,0,152,3,0,0,0,0,1,0,0,,,,19,4,,6321,649,31,0,0,0
2016-09-28,7358,6693,665,6940,9,67,47,7,2,0,0,,2671,1084,43,1043,648,1078,288,229,0,0,151,0,2,,22,2668,0,0,1084,0,0,39,4,0,997,0,44,0,642,3,1078,0,0,288,0,,229,0,0,0,0,0,0,0,0,147,3,0,0,0,0,2,0,0,,,,18,4,,6288,652,31,0,0,0
2016-09-29,7330,6662,668,6910,7,63,48,7,0,0,0,,2674,1047,45,1039,655,1069,297,191,0,0,153,43,1,,22,2671,0,0,1047,0,0,43,2,0,991,0,46,0,651,2,1069,0,0,297,0,,191,0,0,0,0,0,0,0,0,150,3,0,43,0,0,1,0,0,,,,18,4,,6252,658,31,0,0,0
2016-10-02,7381,6698,683,6969,11,57,47,8,2,1,0,,2654,1089,55,1042,663,1087,292,190,0,0,151,42,7,,21,2652,0,0,1088,0,0,48,7,0,995,0,45,0,657,2,1087,0,0,292,0,,189,0,0,0,0,0,0,0,0,147,3,0,42,0,0,5,2,0,,,,17,4,,6298,671,31,0,0,0
2016-10-10,7400,6717,683,6978,8,60,48,8,0,0,0,,2689,1087,43,1041,669,1073,291,233,0,0,151,0,0,,24,2686,0,0,1087,0,0,38,3,1,996,0,45,0,665,2,1072,0,0,291,0,,232,0,0,0,0,0,0,0,0,149,2,0,0,0,0,0,0,0,,,,19,5,,6306,672,39,0,0,0
2016-10-13,7284,6612,672,6867,4,67,45,3,1,0,0,,2678,1050,41,1030,655,1049,285,227,0,0,140,0,1,,24,2677,0,0,1050,0,0,35,5,0,986,0,44,0,653,1,1048,0,0,285,0,,227,0,0,0,0,0,0,0,0,138,2,0,0,0,0,1,0,0,,,,19,5,,6206,661,37,0,0,0
2016-10-17,7329,6649,680,6902,7,68,45,4,2,1,0,,2697,1084,40,1035,665,1023,292,231,0,0,133,0,1,,22,2695,0,0,1083,0,0,36,3,0,990,0,44,0,663,1,1023,0,0,292,0,,231,0,0,0,0,0,0,0,0,130,2,0,0,0,0,0,1,0,,,,17,5,,6232,670,38,0,0,0
2016-10-25,7283,6603,680,6875,8,61,46,7,0,1,0,,2697,1026,38,1037,665,1057,287,232,0,0,130,0,1,,20,2694,0,0,1025,0,0,33,5,0,992,0,45,0,662,1,1056,0,0,287,0,,232,0,0,0,0,0,0,0,0,127,2,0,0,0,0,1,0,0,,,,17,3,,6205,670,32,0,0,0
2016-10-26,7244,6559,685,6841,8,64,46,6,1,1,0,,2697,1001,43,1025,669,1054,279,230,0,0,128,0,2,,20,2694,0,0,1001,0,0,37,5,0,980,0,45,0,666,1,1053,0,0,279,0,,230,0,0,0,0,0,0,0,0,125,2,0,0,0,0,2,0,0,,,,17,3,,6167,674,32,0,0,0
2016-10-30,7235,6561,674,6832,4,61,47,2,2,0,0,,2702,1022,51,1022,658,1011,286,231,0,0,132,0,7,,20,2702,0,0,1021,0,0,43,7,0,977,0,45,0,656,2,1009,0,0,286,0,,231,0,0,0,0,0,0,0,0,130,2,0,0,0,0,7,0,0,,,,17,3,,6165,667,32,0,0,0
2016-10-31,7215,6547,668,6814,6,65,47,3,1,2,0,,2706,1019,46,1027,652,1010,278,226,0,0,134,0,0,,20,2705,0,0,1019,0,0,38,6,0,982,0,45,0,649,2,1010,0,0,278,0,,226,0,0,0,0,0,0,0,0,130,2,0,0,0,0,0,0,0,,,,17,3,,6155,659,32,0,0,0
2016-11-02,7142,6482,660,6735,5,67,46,4,1,0,0,,2697,979,40,1009,644,1004,284,231,0,0,134,0,2,,20,2694,0,0,979,0,0,32,7,0,964,0,45,0,642,1,1004,0,0,284,0,,231,0,0,0,0,0,0,0,0,132,2,0,0,0,0,2,0,0,,,,17,3,,6083,652,31,0,0,0
2016-11-06,7188,6519,669,6771,7,62,44,7,0,0,0,,2660,1027,46,997,657,1009,297,234,0,0,148,0,0,,18,2658,0,0,1026,0,0,39,4,0,954,0,43,0,656,1,1009,0,0,297,0,,234,0,0,0,0,0,0,0,0,145,2,0,0,0,0,0,0,0,,,,15,3,,6108,663,33,0,0,0
2016-11-09,7126,6470,656,6713,7,72,43,6,0,1,0,,2632,1020,42,1014,638,995,283,238,0,0,140,0,1,,18,2630,0,0,1019,0,0,35,6,0,972,0,42,0,636,1,995,0,0,283,0,,238,0,0,0,0,0,0,0,0,136,2,0,0,0,0,1,0,0,,,,15,3,,6068,645,33,0,0,0
2016-11-14,7196,6531,665,6782,9,66,44,7,1,1,0,,2649,1060,46,1020,650,1002,289,229,0,0,135,0,0,,18,2646,0,0,1059,0,0,41,5,0,975,0,43,0,648,1,1002,0,0,289,0,,228,0,0,0,0,0,0,0,0,132,2,0,0,0,0,0,0,0,,,,15,3,,6126,656,32,0,0,0
2016-11-20,7109,6466,643,6718,11,57,39,9,0,2,0,,2645,1020,54,1009,626,992,291,231,0,0,144,0,8,,0,2643,0,0,1019,0,0,48,5,0,969,0,39,0,624,0,991,0,0,291,0,,231,0,0,0,0,0,0,0,0,136,5,0,0,0,0,6,2,0,,,,0,0,,6082,636,32,0,0,0
2016-11-28,7069,6429,640,6673,9,62,39,5,0,4,0,,2610,1049,55,997,629,991,295,213,0,0,138,0,0,,0,2608,0,0,1048,0,0,52,3,0,958,0,39,0,628,0,990,0,0,295,0,,213,0,0,0,0,0,0,0,0,130,4,0,0,0,0,0,0,0,,,,0,0,,6038,635,30,0,0,0
2016-12-05,7002,6379,623,6608,15,66,40,10,1,4,0,,2634,1040,50,982,612,954,283,222,0,0,129,0,0,,0,2631,0,0,1037,0,0,45,2,0,941,0,40,0,612,0,953,0,0,283,0,,222,0,0,0,0,0,0,0,0,121,4,0,0,0,0,0,0,0,,,,0,0,,5990,618,30,0,0,0
2016-12-11,6941,6325,616,6543,8,60,40,6,0,2,0,,2543,986,54,1010,605,986,294,233,0,0,130,0,4,,0,2542,0,0,986,0,0,50,2,1,971,0,39,0,602,0,985,0,0,294,0,,233,0,0,0,0,0,0,0,0,123,5,0,0,0,0,3,1,0,,,,0,0,,5933,610,35,0,0,0
2016-12-15,6826,6227,599,6421,9,68,40,6,0,3,0,,2544,926,49,996,591,948,293,239,0,0,137,0,0,,0,2541,0,0,926,0,0,47,1,0,956,0,40,0,589,0,948,0,0,293,0,,239,0,0,0,0,0,0,0,0,131,3,0,0,0,0,0,0,0,,,,0,0,,5828,593,34,0,0,0
2016-12-18,6881,6264,617,6491,10,60,45,6,0,4,0,,2572,942,56,988,607,956,284,238,0,0,135,0,7,,0,2569,0,0,942,0,0,52,1,1,944,0,44,0,606,0,956,0,0,284,0,,238,0,0,0,0,0,0,0,0,127,4,0,0,0,0,5,2,0,,,,0,0,,5878,613,35,0,0,0
2016-12-27,6693,6118,575,6322,10,62,44,6,0,4,0,,2489,921,45,987,564,956,266,235,0,0,134,0,1,,0,2488,0,0,920,0,0,39,4,0,943,0,44,0,562,0,956,0,0,266,0,,235,0,0,0,0,0,0,0,0,129,1,0,0,0,0,1,0,0,,,,0,0,,5755,567,33,0,0,0
2017-01-03,6790,6199,591,6391,11,66,45,6,2,3,0,,2524,932,46,977,582,977,287,235,0,0,128,0,1,,0,2521,0,0,931,0,0,41,2,1,933,0,44,0,581,0,977,0,0,287,0,,234,0,0,0,0,0,0,0,0,123,2,0,0,0,0,1,0,0,,,,0,0,,5806,585,33,0,0,0
2017-01-08,6825,6219,606,6432,5,63,42,2,1,2,0,,2535,908,59,996,599,967,293,237,0,0,133,0,3,,0,2534,0,0,908,0,0,57,2,0,954,0,42,0,598,0,966,0,0,293,0,,237,0,0,0,0,0,0,0,0,129,2,0,0,0,0,3,0,0,,,,0,0,,5830,602,31,0,0,0
2017-01-10,6787,6188,599,6404,8,64,42,6,0,2,0,,2514,904,50,991,591,972,280,237,0,0,152,0,1,,0,2511,0,0,904,0,0,48,2,0,948,0,42,0,589,0,972,0,0,280,0,,237,0,0,0,0,0,0,0,0,149,1,0,0,0,0,1,0,0,,,,0,0,,5812,592,30,0,0,0
2017-01-17,6841,6244,597,6449,9,66,44,7,0,2,0,,2528,919,41,1006,589,982,288,239,0,0,152,0,2,,0,2526,0,0,918,0,0,36,2,0,962,0,44,0,588,0,982,0,0,288,0,,239,0,0,0,0,0,0,0,0,149,1,0,0,0,0,2,0,0,,,,0,0,,5858,591,29,0,0,0
2017-01-24,6799,6208,591,6428,7,70,43,3,1,3,0,,2503,939,47,986,578,989,266,237,0,0,154,0,2,,0,2501,0,0,939,0,0,42,4,0,943,0,43,0,578,0,988,0,0,266,0,,237,0,0,0,0,0,0,0,0,148,3,0,0,0,0,2,0,0,,,,0,0,,5843,585,27,0,0,0
2017-01-26,6732,6156,576,6345,7,65,42,2,1,4,0,,2473,912,42,1000,565,979,286,231,0,0,150,0,0,,0,2472,0,0,912,0,0,39,2,0,958,0,42,0,564,0,979,0,0,286,0,,231,0,0,0,0,0,0,0,0,143,3,0,0,0,0,0,0,0,,,,0,0,,5776,569,27,0,0,0
2017-01-31,6793,6228,565,6389,10,71,43,7,1,2,0,,2512,903,52,991,552,1009,295,229,0,0,149,0,2,,0,2508,0,0,903,0,0,48,3,0,946,0,43,0,552,0,1008,0,0,295,0,,229,0,0,0,0,0,0,0,0,144,3,0,0,0,0,2,0,0,,,,0,0,,5831,558,26,0,0,0
2017-02-06,6799,6232,567,6403,6,61,44,1,1,4,0,,2500,915,47,986,558,1028,291,236,0,0,139,0,0,,0,2500,0,0,915,0,0,45,2,0,941,0,44,0,558,0,1027,0,0,291,0,,236,0,0,0,0,0,0,0,0,132,3,0,0,0,0,0,0,0,,,,0,0,,5840,563,38,0,0,0
2017-02-07,6765,6206,559,6376,5,64,44,2,0,3,0,,2497,881,55,972,549,1038,282,238,0,0,149,0,2,,0,2496,0,0,881,0,0,51,3,1,929,0,43,0,549,0,1037,0,0,282,0,,238,0,0,0,0,0,0,0,0,143,3,0,0,0,0,2,0,0,,,,0,0,,5821,555,38,0,0,0
2017-02-08,6731,6174,557,6324,9,64,44,4,2,3,0,,2500,845,56,986,548,1019,296,229,0,0,148,0,2,,0,2497,0,0,845,0,0,54,1,1,943,0,43,0,546,0,1018,0,0,296,0,,229,0,0,0,0,0,0,0,0,142,3,0,0,0,0,2,0,0,,,,0,0,,5774,550,38,0,0,0
2017-02-20,6865,6284,581,6463,8,66,44,4,1,3,0,,2559,867,53,1007,570,1042,294,233,0,0,140,0,0,,0,2558,0,0,866,0,0,48,4,0,962,0,44,0,570,0,1041,0,0,294,0,,233,0,0,0,0,0,0,0,0,134,3,0,0,0,0,0,0,0,,,,0,0,,5886,577,33,0,0,0
2017-02-21,6878,6294,584,6474,9,67,44,5,0,4,0,,2575,870,47,1004,574,1028,294,240,0,0,144,0,1,,0,2573,0,0,869,0,0,44,3,0,959,0,44,0,574,0,1027,0,0,294,0,,240,0,0,0,0,0,0,0,0,137,3,0,0,0,0,1,0,0,,,,0,0,,5894,580,33,0,0,0
2017-02-22,6810,6235,575,6409,7,70,44,4,0,3,0,,2548,864,42,1002,567,1027,290,227,0,0,138,0,1,,0,2547,0,0,864,0,0,41,1,0,957,0,44,0,566,0,1026,0,0,290,0,,227,0,0,0,0,0,0,0,0,132,3,0,0,0,0,1,0,0,,,,0,0,,5839,570,33,0,0,0
2017-02-26,6817,6234,583,6425,9,69,40,6,1,2,0,,2534,885,57,986,570,1035,282,232,0,0,130,0,5,,0,2530,0,0,885,0,0,51,6,0,945,0,40,0,569,0,1035,0,0,282,0,,232,0,0,0,0,0,0,0,0,124,3,0,0,0,0,4,1,0,,,,0,0,,5846,579,32,0,0,0
2017-02-27,6779,6211,568,6396,7,69,40,6,0,1,0,,2515,872,51,997,557,1046,275,236,0,0,129,0,0,,0,2513,0,0,872,0,0,44,5,0,956,0,40,0,556,0,1046,0,0,275,0,,236,0,0,0,0,0,0,0,0,125,3,0,0,0,0,0,0,0,,,,0,0,,5832,564,32,0,0,0
2017-03-12,6682,6136,546,6285,7,68,35,5,2,0,0,,2482,838,54,994,537,1043,282,224,0,0,116,0,4,,0,2481,0,0,836,0,0,48,4,1,960,0,34,0,536,0,1042,0,0,282,0,,223,0,0,0,0,0,0,0,0,115,1,0,0,0,0,3,1,0,,,,0,0,,5743,542,40,0,0,0
2017-03-19,6674,6128,546,6270,6,73,33,6,0,0,0,,2502,845,49,991,536,1022,286,210,0,0,113,0,8,,0,2499,0,0,845,0,0,46,2,0,957,0,33,0,535,0,1022,0,0,286,0,,210,0,0,0,0,0,0,0,0,112,1,0,0,0,0,4,4,0,,,,0,0,,5728,542,39,0,0,0
2017-03-26,6657,6109,548,6260,5,75,36,5,0,0,0,,2515,859,62,986,534,976,280,209,0,0,113,0,11,,0,2512,0,0,859,0,0,56,4,0,953,0,33,0,531,3,976,0,0,280,0,,209,0,0,0,0,0,0,0,0,110,3,0,0,0,0,9,2,0,,,,0,0,,5717,543,36,0,0,0
2017-03-29,6548,6023,525,6141,12,70,34,10,1,1,0,,2464,832,51,984,513,996,291,202,0,0,109,0,2,,0,2458,0,0,831,0,0,44,5,0,951,0,33,0,511,1,995,0,0,291,0,,202,0,0,0,0,0,0,0,0,105,3,0,0,0,0,2,0,0,,,,0,0,,5621,520,34,0,0,0
2017-04-06,6573,6063,510,6175,13,64,36,10,1,2,0,,2490,836,48,985,500,1009,289,213,0,0,106,0,1,,0,2482,0,0,836,0,0,42,5,1,950,0,34,0,497,1,1009,0,0,289,0,,213,0,0,0,0,0,0,0,0,101,3,0,0,0,0,1,0,0,,,,0,0,,5669,506,32,0,0,0
2017-04-12,6582,6040,542,6180,9,72,34,6,0,3,0,,2433,883,49,989,529,998,282,205,0,0,100,0,3,,0,2430,0,0,883,0,0,40,7,1,957,0,32,0,527,1,998,0,0,282,0,,204,0,0,0,0,0,0,0,0,94,3,0,0,0,0,3,0,0,,,,0,0,,5642,538,37,0,0,0
2017-04-17,6692,6122,570,6297,4,67,38,4,0,0,0,,2448,905,54,1009,560,1012,288,201,0,0,111,0,1,,0,2446,0,0,905,0,0,48,5,0,973,0,36,0,557,2,1012,0,0,288,0,,201,0,0,0,0,0,0,0,0,108,3,0,0,0,0,1,0,0,,,,0,0,,5730,567,36,0,0,0
2017-04-25,6653,6091,562,6257,11,68,42,9,1,1,0,,2418,891,49,990,556,1031,285,216,0,0,115,0,2,,0,2415,0,0,888,0,0,42,4,1,955,0,35,0,549,6,1030,0,0,285,0,,216,0,0,0,0,0,0,0,0,114,0,0,0,0,0,2,0,0,,,,0,0,,5698,559,32,0,0,0
2017-04-30,6711,6120,591,6321,7,66,40,5,2,0,0,,2440,898,59,983,579,1037,287,219,0,0,104,0,9,,0,2434,0,0,898,0,0,49,8,2,949,0,34,0,575,4,1037,0,0,287,0,,219,0,0,0,0,0,0,0,0,103,0,0,0,0,0,7,2,0,,,,0,0,,5732,589,30,0,0,0
2017-05-02,6657,6085,572,6268,5,69,40,4,1,0,0,,2422,878,53,992,565,1030,286,229,0,0,101,0,3,,0,2418,0,0,878,0,0,46,6,1,957,0,35,0,561,4,1030,0,0,286,0,,229,0,0,0,0,0,0,0,0,100,0,0,0,0,0,3,0,0,,,,0,0,,5697,571,29,0,0,0
2017-05-15,6665,6098,567,6286,7,67,46,5,2,0,0,,2397,932,58,974,560,1040,276,212,0,0,119,0,1,,0,2394,0,0,932,0,0,52,4,0,933,0,41,0,554,5,1039,0,0,276,0,,212,0,0,0,0,0,0,0,0,119,0,0,0,0,0,1,0,0,,,,0,0,,5723,563,29,0,0,0
2017-05-23,6603,6050,553,6246,3,73,43,3,0,0,0,,2371,924,50,1009,546,1013,255,225,0,0,108,0,3,,0,2370,0,0,923,0,0,44,5,0,972,0,37,0,540,6,1013,0,0,255,0,,225,0,0,0,0,0,0,0,0,108,0,0,0,0,0,3,0,0,,,,0,0,,5695,551,26,0,0,0
2017-06-04,6653,6081,572,6268,8,68,39,6,1,1,0,,2386,958,67,1015,563,970,272,185,0,0,127,0,5,,0,2384,0,0,958,0,0,59,5,1,981,0,34,0,558,4,968,0,0,272,0,,185,0,0,0,0,0,0,0,0,125,1,0,0,0,0,4,1,0,,,,0,0,,5699,569,37,0,0,0
2017-06-14,6616,6051,565,6234,5,72,38,3,1,1,0,,2351,945,45,1024,558,992,272,223,0,0,98,0,3,,0,2350,0,0,945,0,0,41,3,0,988,0,36,0,555,2,991,0,0,272,0,,223,0,0,0,0,0,0,0,0,96,1,0,0,0,0,3,0,0,,,,0,0,,5673,561,33,0,0,0
2017-06-19,6676,6105,571,6300,4,74,36,4,0,0,0,,2399,957,54,1010,566,987,266,224,0,0,106,0,1,,0,2397,0,0,957,0,0,50,2,1,976,0,33,0,564,2,987,0,0,266,0,,224,0,0,0,0,0,0,0,0,105,1,0,0,0,0,1,0,0,,,,0,0,,5731,569,31,0,0,0
2017-07-17,6821,6201,620,6524,5,65,44,4,0,1,0,,2382,1031,55,1027,611,1089,191,203,0,0,131,0,0,,0,2380,0,0,1030,0,0,49,5,1,986,0,41,0,608,2,1089,0,0,191,0,,203,0,0,0,0,0,0,0,0,128,2,0,0,0,0,0,0,0,,,,0,0,,5907,617,36,0,0,0
2017-07-18,6789,6164,625,6486,9,67,44,4,4,1,0,,2355,1013,60,1018,616,1092,191,204,0,0,135,0,2,,0,2352,0,0,1012,0,0,53,5,2,977,0,40,0,612,2,1091,0,0,191,0,,204,0,0,0,0,0,0,0,0,132,2,0,0,0,0,2,0,0,,,,0,0,,5865,621,36,0,0,0
